,mae,mse,rmse,mape,mspe
0,0.19713378,0.08956435,0.29927304,2.4785264,124.23574
