,mae,mse,rmse,mape,mspe
0,0.09298624,0.029084811,0.1705427,1.2693903,33.892616
