,mae,mse,rmse,mape,mspe
0,0.15908903,0.06340586,0.2518052,2.1399343,78.15396
