,mae,mse,rmse,mape,mspe
0,0.10319616,0.033001035,0.18166187,1.5234584,36.851955
