,mae,mse,rmse,mape,mspe
0,0.24058972,0.11178419,0.33434144,3.705327,280.0928
